{"_step":0,"_wandb":{"runtime":2},"_runtime":2,"rmse":2.6127940365138267,"mae":2.0965534685074547,"r2":0.735068334342422,"_timestamp":1.7610414350621908e+09}