{"_runtime":5,"r2":0.7361732020252805,"_timestamp":1.7610414595293472e+09,"_step":0,"rmse":2.6073401627045034,"mae":2.0689298291317866,"_wandb":{"runtime":5}}