{"_timestamp":1.7610416684287446e+09,"_step":0,"rmse":2.5559670645813526,"mae":2.031793187704178,"_wandb":{"runtime":3},"_runtime":3,"r2":0.7464672749870594}