{"r2":0.7509416185136405,"_timestamp":1.7610413718502402e+09,"_step":0,"_wandb":{"runtime":2},"_runtime":2,"rmse":2.5333128259352944,"mae":2.0275495148754517}