{"_step":7,"_wandb":{"runtime":0},"_runtime":0,"acc":0.8405516741732875,"loss":0.1596969557371563,"_timestamp":1.7610403515015714e+09}