Model,Overall_RMSE,Overall_MAE,Overall_R2,Train_Time_sec,Day1_RMSE,Day1_MAE,Day1_R2,Day2_RMSE,Day2_MAE,Day2_R2,Day3_RMSE,Day3_MAE,Day3_R2,Day4_RMSE,Day4_MAE,Day4_R2,Day5_RMSE,Day5_MAE,Day5_R2
CatBoost,2.205580830932649,1.7045930377595535,0.8070112286132058,198.067315,1.5678316151040648,1.1937138735125163,0.9053711535906394,2.1228794306007037,1.644886602691122,0.8261473201067522,2.3690147599637443,1.8370643664404427,0.7828443147149147,2.4542429350569113,1.8948629243061665,0.7663433053136328,2.513935413937819,1.9524374218475198,0.7543500493400902
Random Forest,2.228094732831227,1.7318051404355235,0.8012897384598368,280.160011,1.4784284917454193,1.12338449564841,0.9158555729801301,2.1157455715244207,1.6527972090408993,0.8273138080466509,2.435181841403827,1.9024705025343747,0.7705445041904948,2.528644632495608,1.9749534627022316,0.751961710070677,2.582473126986861,2.005420032251702,0.7407730970112312
LightGBM,2.2415891007761046,1.715236617966919,0.7978620323192265,22.028671,1.4448771282941022,1.0918550506520377,0.9196313740527996,2.1035973822752205,1.6259877267579825,0.8292911742513545,2.4206994034178937,1.8607529668565153,0.773265609849187,2.6028164067493034,1.9930373739911316,0.7371970710433391,2.6359551831440045,2.0045499715769277,0.7299249323994526
XGBoost,2.3919286805111772,1.8218682036163116,0.7683569398172435,140.530416,1.4660731650221834,1.091750193927305,0.9172560976001727,2.2407985384568967,1.7112206979846278,0.806296995668883,2.6113103146034717,2.0136846469311003,0.7361527091642498,2.8323227370974564,2.154978554367174,0.6888078684196626,2.8091386473758777,2.1377069248713503,0.6932710282332494
Decision Tree,3.1701100744210864,2.4162934629635537,0.5987758799020053,18.286425,2.1374952895234736,1.6133113532816978,0.8241124728584337,3.0235787021490816,2.3252617870042713,0.6473261274315656,3.627026895493003,2.7344478577325435,0.4909772148791136,3.5761344742961025,2.73717610465894,0.503898188863005,3.48631501064377,2.671270212140313,0.5275653954779085
