{"rmse":2.5512072705906466,"mae":2.0390448490232025,"r2":0.7474106673516261,"_timestamp":1.7610411824522417e+09,"_wandb":{"runtime":3},"_runtime":3,"_step":0}