{"_timestamp":1.7610416255502431e+09,"_step":0,"_wandb":{"runtime":3},"_runtime":3,"rmse":2.9052940382499486,"mae":2.304322472825503,"r2":0.6724303146986508}