{"_timestamp":1.761041288149226e+09,"_step":0,"_wandb":{"runtime":3},"_runtime":3,"rmse":2.5299334434252065,"mae":2.014570560481558,"r2":0.7516056519086719}