{"_wandb":{"runtime":3},"_runtime":3,"mae":2.0238025649541673,"r2":0.7508588188948346,"_timestamp":1.7610411939054482e+09,"_step":0,"rmse":2.5337338916799177}