{"mae":2.074251361726239,"r2":0.7328328119556613,"_timestamp":1.7610414746555362e+09,"_wandb":{"runtime":4},"_runtime":4,"_step":0,"rmse":2.623794400693369}