{"_timestamp":1.7610401581962569e+09,"_step":7,"_wandb":{"runtime":0},"_runtime":0,"acc":0.9093095777358986,"loss":0.09398853334223758}