{"_step":0,"_wandb":{"runtime":3},"_runtime":3,"rmse":2.5449577645873003,"mae":2.024513492820352,"r2":0.7486466509027732,"_timestamp":1.761041235822401e+09}