{"_timestamp":1.7610413838948596e+09,"_step":0,"rmse":2.649451338139557,"mae":2.075681948235471,"r2":0.7275822432787578,"_wandb":{"runtime":4},"_runtime":4}