{"r2":0.7315447239011008,"_timestamp":1.7610414248020132e+09,"_wandb":{"runtime":2},"_runtime":2,"_step":0,"rmse":2.6301118202197844,"mae":2.081962121861181}