{"mae":2.09058666465371,"r2":0.7344970636929685,"_timestamp":1.761041646814927e+09,"_step":0,"_wandb":{"runtime":3},"_runtime":3,"rmse":2.615609496079166}