{"_wandb":{"runtime":2},"_runtime":2,"rmse":2.5296847485815332,"mae":2.02912064228294,"r2":0.7516544843058149,"_timestamp":1.7610412504635754e+09,"_step":0}