{"r2":0.7495764550775729,"_timestamp":1.7610414463400338e+09,"_step":0,"_wandb":{"runtime":2},"_runtime":2,"rmse":2.540246260284064,"mae":2.0389478848757743}