{"r2":0.7513599843190568,"_timestamp":1.7610413988029618e+09,"_step":0,"_wandb":{"runtime":3},"_runtime":3,"rmse":2.531184214742447,"mae":2.040642218084742}