{"_wandb":{"runtime":3},"_runtime":3,"_step":0,"rmse":2.6830465567200417,"mae":2.118788339544031,"r2":0.7206298924164755,"_timestamp":1.7610412620543988e+09}