{"mae":2.1137986339270003,"r2":0.7195929057912058,"_wandb":{"runtime":4},"_runtime":4,"_timestamp":1.7610413157143903e+09,"_step":0,"rmse":2.688021509709334}