{"_step":0,"_wandb":{"runtime":3},"_runtime":3,"rmse":2.6464703306941875,"mae":2.122255522348858,"r2":0.7281949154175434,"_timestamp":1.7610416937694082e+09}