{"_wandb":{"runtime":3},"_runtime":3,"rmse":2.631283408340218,"mae":2.125157279128713,"r2":0.7313055028448238,"_timestamp":1.761041214619562e+09,"_step":0}